Month,Region,Category,Units_Sold,Revenue,Forecast_MAPE,Stockout_Rate,Avg_Days_of_Supply
2022-01,East,Clothing,20571,1064099.482,0.2218557331726909,0.0,2.134685438614162
2022-01,East,Electronics,21807,1069811.298,0.16859769819549608,0.0136986301369863,2.2317602227456397
2022-01,East,Furniture,22502,1124438.1739999999,0.14819500057327803,0.0,2.4291255949877923
2022-01,East,Groceries,18206,766554.272,0.4572099072814062,0.013605442176870748,2.623094693679501
2022-01,East,Toys,18506,945059.8425,0.2632585628936558,0.007352941176470588,2.248696763024456
2022-01,North,Clothing,20086,1020754.661,0.28948915401644726,0.0,2.0021820627700087
2022-01,North,Electronics,24078,1247619.8585,0.15253445081613612,0.016483516483516484,2.3640153487783815
2022-01,North,Furniture,20564,988271.1305,0.25164626972399234,0.0,2.116537560453429
2022-01,North,Groceries,23460,1172387.1865,0.3619316203679531,0.0,2.3379687585671096
2022-01,North,Toys,22794,1199258.7865,0.27905958253909463,0.011494252873563218,2.202669695740331
2022-01,South,Clothing,16536,855963.321,0.2695453110913682,0.0072992700729927005,2.1345317421564753
2022-01,South,Electronics,23677,1152616.048,0.14608040593350008,0.006172839506172839,2.1906257240500993
2022-01,South,Furniture,19833,972901.8695,0.38410287408452115,0.014285714285714285,2.235384888213808
2022-01,South,Groceries,17647,948951.047,0.1773265977420493,0.007246376811594203,2.45708812457955
2022-01,South,Toys,20420,981815.668,0.18519680894136356,0.0196078431372549,2.1706684624282393
2022-01,West,Clothing,20284,1106332.9825,0.13967830706766024,0.0,2.230257889509241
2022-01,West,Electronics,20937,1030011.4695,0.22424651213851718,0.0,2.3700250292960408
2022-01,West,Furniture,24603,1158480.294,0.18485038632052103,0.0,2.272965476502065
2022-01,West,Groceries,22826,1047379.806,0.2347200991845041,0.005813953488372093,2.252583928044993
2022-01,West,Toys,20601,1066825.4215,0.25954325050041155,0.0064516129032258064,2.134757176491471
2022-02,East,Clothing,24041,1104750.752,0.16940012128957907,0.0058823529411764705,2.0990731569276866
2022-02,East,Electronics,18407,875681.1345,0.1898869603999111,0.0,2.122856486686777
2022-02,East,Furniture,15038,750734.2925,0.21708123053336037,0.008333333333333333,2.086541785393936
2022-02,East,Groceries,18414,975701.0,0.3938191858805328,0.014084507042253521,2.2215831939434376
2022-02,East,Toys,19105,898793.0745,0.20134427826861884,0.01680672268907563,2.2726582721663124
2022-02,North,Clothing,24865,1267534.624,0.1632471956098832,0.006493506493506494,2.2224420935687874
2022-02,North,Electronics,16791,812374.113,0.1544340465729604,0.015384615384615385,2.056812735385174
2022-02,North,Furniture,20216,1016039.7045,0.35742388330843733,0.0,2.216047804106853
2022-02,North,Groceries,15748,747732.223,0.42592181212898367,0.0,1.9610783924343302
2022-02,North,Toys,20797,949691.8325,0.21374266433128647,0.0,2.3076767161865455
2022-02,South,Clothing,22516,1049583.0905,0.17073699677355084,0.006535947712418301,2.115248487451573
2022-02,South,Electronics,20332,1017861.2485,0.25020566904633956,0.006756756756756757,1.924108095225208
2022-02,South,Furniture,19393,954170.7265,0.19341508671217572,0.0,2.113984468745343
2022-02,South,Groceries,21956,1123589.393,0.3864789985209766,0.0,2.173242524098283
2022-02,South,Toys,19127,992688.3025,0.23072134988381848,0.007462686567164179,2.003321516771369
2022-02,West,Clothing,18384,854008.35,0.3501677646713017,0.007246376811594203,2.1321546710346815
2022-02,West,Electronics,17556,854666.1475000001,0.17648946119504533,0.007692307692307693,2.0388841729200475
2022-02,West,Furniture,20676,1039140.3075,0.2538522983504614,0.013157894736842105,2.166244174193135
2022-02,West,Groceries,17308,823913.382,0.1434019533244631,0.0,2.0361429966917743
2022-02,West,Toys,20382,952379.794,0.3656987473413296,0.007246376811594203,2.131167967795757
2022-03,East,Clothing,20355,1015902.7175,0.21364699951636193,0.0,2.0969516891881472
2022-03,East,Electronics,21387,1111017.7835,0.22333833914033507,0.0064516129032258064,2.0879500124258414
2022-03,East,Furniture,20330,1042483.252,0.32653747373231545,0.0,2.262031093258261
2022-03,East,Groceries,21288,1137544.325,0.1923070452756659,0.006172839506172839,2.2117309452133247
2022-03,East,Toys,24002,1290568.832,0.19841025620124256,0.0125,2.1252534344598244
2022-03,North,Clothing,14230,734758.4525,0.29337193845218035,0.0,2.0262803222056003
2022-03,North,Electronics,17906,875982.429,0.2806751802327091,0.0,2.0407310118223396
2022-03,North,Furniture,24661,1307741.404,0.18842889663772303,0.0,2.207545856131689
2022-03,North,Groceries,25453,1260344.733,0.19907790766295083,0.0,2.128383602961912
2022-03,North,Toys,21270,1092310.1265,0.13722478741736543,0.0136986301369863,2.115971226796036
2022-03,South,Clothing,21835,1074228.381,0.2668613923842474,0.006622516556291391,2.2102460850463723
2022-03,South,Electronics,22368,1139164.309,0.22761903463712432,0.0,2.025598267808698
2022-03,South,Furniture,22585,1126467.911,0.3605470244428386,0.0,2.259263911303238
2022-03,South,Groceries,24570,1264564.21,0.22214861751347884,0.0,2.2198603194864748
2022-03,South,Toys,17294,887226.529,0.3723567648455672,0.0,2.2594165754596833
2022-03,West,Clothing,19354,987261.5525,0.18565866273547343,0.0,2.028181241725404
2022-03,West,Electronics,19625,972761.1089999999,0.15579327878417196,0.02142857142857143,2.221934392783145
2022-03,West,Furniture,22435,1047923.1205,0.16792236539313157,0.012422360248447204,1.9484795443815146
2022-03,West,Groceries,21952,1026592.1915,0.228721586816496,0.012987012987012988,2.1105343512006622
2022-03,West,Toys,23173,1127839.7045,0.1632106290007934,0.006024096385542169,2.102203107398229
2022-04,East,Clothing,19458,1020665.9635,0.19282041555272855,0.0,2.1989785644307362
2022-04,East,Electronics,17477,894512.1785,0.2094577574751449,0.0,2.0572281925087235
2022-04,East,Furniture,18793,898763.3965,0.4250998811205256,0.0,2.1046132967346884
2022-04,East,Groceries,20529,975458.245,0.2958241475203909,0.0,2.120635763224506
2022-04,East,Toys,17214,858691.935,0.21175798797066986,0.0072992700729927005,2.2350313087810116
2022-04,North,Clothing,19092,873567.867,0.22506518838469902,0.0,2.3132967284487274
2022-04,North,Electronics,21541,1068543.0055,0.2088591755341927,0.0,2.196450239736251
2022-04,North,Furniture,20612,1108165.8295,0.20979153823709454,0.0,1.9713456156301767
2022-04,North,Groceries,20535,1107855.5125,0.15034735705395066,0.02054794520547945,2.0540432004190246
2022-04,North,Toys,22933,1214717.7205,0.2385425989066879,0.006024096385542169,1.9531500159228827
2022-04,South,Clothing,21615,1168820.0215,0.26251547364777833,0.0,2.094657739818628
2022-04,South,Electronics,19831,1006354.4385,0.24212309948379643,0.0,2.214947183238945
2022-04,South,Furniture,22031,1145215.0915,0.21863248664609927,0.0,2.212486313075472
2022-04,South,Groceries,23900,1141885.807,0.27203623872770466,0.0,2.2750372749120458
2022-04,South,Toys,21179,1002553.63,0.23528926542165313,0.0,2.2148311121301725
2022-04,West,Clothing,20148,1008935.552,0.3961682315476677,0.00625,2.009465979715821
2022-04,West,Electronics,20546,951267.7225,0.2887072733486913,0.0,2.1919511587508755
2022-04,West,Furniture,19226,870368.9585000001,0.3314896893353745,0.006896551724137931,2.276203901555751
2022-04,West,Groceries,18570,966558.3935,0.18319685207823097,0.0,1.9899642140588933
2022-04,West,Toys,22150,1031501.415,0.2036864775965808,0.012195121951219513,2.1117625444037493
2022-05,East,Clothing,22000,1122771.377,0.16334838413551933,0.0,2.112418023111729
2022-05,East,Electronics,22836,1179603.224,0.2643762059151195,0.0,2.1581643761315807
2022-05,East,Furniture,20931,962917.5755,0.18240050471952354,0.0,2.4019119284646804
2022-05,East,Groceries,22078,1095047.2725,0.33374298568795296,0.0,2.238529500710963
2022-05,East,Toys,23643,1140751.74,0.24707363420157016,0.006369426751592357,2.065843056260898
2022-05,North,Clothing,18463,946346.2885,0.19974197392471565,0.0070921985815602835,2.268308044839133
2022-05,North,Electronics,19689,1011587.9525,0.2091369471559005,0.0,2.1866107492873694
2022-05,North,Furniture,19549,1043785.132,0.2831842124463553,0.006756756756756757,2.1786672690412137
2022-05,North,Groceries,22735,1105764.6285,0.2073305070700788,0.0,2.054836961737513
2022-05,North,Toys,17688,883303.1965,0.20343409244938718,0.0,2.1828251564485184
2022-05,South,Clothing,18924,914466.6525,0.3499041494390464,0.013333333333333334,1.9730057007616366
2022-05,South,Electronics,20238,923154.1385,0.3219571764580945,0.0,2.1540174608675966
2022-05,South,Furniture,20498,1076109.4125,0.2619500922918443,0.006666666666666667,2.1044814772702174
2022-05,South,Groceries,24551,1229211.557,0.16641658947614138,0.005747126436781609,2.2011156257102247
2022-05,South,Toys,21317,1049411.025,0.1835912605566588,0.0,2.16929648533131
2022-05,West,Clothing,18501,896641.807,0.24022424742463674,0.006944444444444444,2.2011985324427745
2022-05,West,Electronics,19387,897473.0925,0.1483276478241346,0.0,2.1918053800052197
2022-05,West,Furniture,19705,954016.9155,0.17847793956833982,0.006289308176100629,2.115240782842006
2022-05,West,Groceries,21657,1139545.6645,0.4825100845732543,0.006024096385542169,2.1600130294577937
2022-05,West,Toys,20409,970653.7555,0.24260841867340005,0.0,2.091628012837682
2022-06,East,Clothing,22235,1169140.8085,0.26239568173946526,0.0125,2.075410302394657
2022-06,East,Electronics,18994,904965.4645,0.1880660160269928,0.0,2.1833192209986105
2022-06,East,Furniture,22595,1160836.567,0.25238882058969786,0.0,2.290798191440564
2022-06,East,Groceries,22522,1133922.848,0.1823807384796439,0.0,2.18397435560147
2022-06,East,Toys,23112,1106108.834,0.26290250248494934,0.01818181818181818,2.347525473715542
2022-06,North,Clothing,20167,1015248.944,0.29094931037512445,0.0,2.212692755763802
2022-06,North,Electronics,16799,733786.685,0.18396573917226763,0.0,2.39789143674919
2022-06,North,Furniture,23411,1194117.2835,0.1899749250172917,0.0,2.2875899386326615
2022-06,North,Groceries,20671,956557.2515,0.32638779756725067,0.0,2.14677201385276
2022-06,North,Toys,22210,1120358.6935,0.16572437725275488,0.006211180124223602,2.1789388529851337
2022-06,South,Clothing,23445,1112434.486,0.3441479602479381,0.0,1.9868679790468404
2022-06,South,Electronics,18389,961952.0475,0.30477884830591195,0.0,2.2755862857043545
2022-06,South,Furniture,19609,976032.332,0.3313842440737826,0.0,2.1980006598769553
2022-06,South,Groceries,23103,1255850.121,0.18119870496780002,0.0,2.1272996671958535
2022-06,South,Toys,19067,947484.449,0.1560257047325229,0.014285714285714285,2.132487438449391
2022-06,West,Clothing,20243,957236.764,0.35444923705210374,0.0,2.072608164458059
2022-06,West,Electronics,21205,1109385.1605,0.3441554037575755,0.0,2.1141350012440125
2022-06,West,Furniture,16729,902851.1255,0.18377224864489516,0.0,1.9475023094741843
2022-06,West,Groceries,21259,1154562.198,0.4438964748638268,0.0,2.386593595461378
2022-06,West,Toys,19744,1108954.761,0.19519056889489925,0.013986013986013986,2.184092329314473
2022-07,East,Clothing,20010,1074874.4695,0.2450856338575109,0.006993006993006993,2.211872748122556
2022-07,East,Electronics,20830,1016507.3775,0.3160735862148258,0.0,2.0349031117338607
2022-07,East,Furniture,21746,1040772.1765000001,0.2102812457786506,0.0,1.9722716797199558
2022-07,East,Groceries,22595,1202225.593,0.23257339235040175,0.012121212121212121,2.14239098474217
2022-07,East,Toys,21160,1032911.2645,0.16333632608368956,0.0,2.0833609668248645
2022-07,North,Clothing,21163,1002842.275,0.22114034081157347,0.006622516556291391,2.136082292591693
2022-07,North,Electronics,23256,1163439.04,0.19136741957262035,0.0,2.225379428832542
2022-07,North,Furniture,21168,1044245.9475,0.1978035708399339,0.0064516129032258064,2.1407050309408535
2022-07,North,Groceries,23193,1216791.037,0.2492750467258279,0.006024096385542169,2.0932269150397413
2022-07,North,Toys,20585,989939.42,0.36833153004402513,0.0,2.1974922227285725
2022-07,South,Clothing,23653,1137829.984,0.12916435082855843,0.0,1.9712343799066052
2022-07,South,Electronics,19033,901401.4895,0.3335225038721628,0.013986013986013986,2.0583471776609334
2022-07,South,Furniture,20945,1078391.548,0.16227030109668716,0.0,2.209882132115332
2022-07,South,Groceries,22719,1109033.0565,0.2266145143842718,0.0,2.2798976824549593
2022-07,South,Toys,21071,1025801.2985,0.156631448971084,0.0,2.0679532233049076
2022-07,West,Clothing,25738,1172079.216,0.14245091294963505,0.005747126436781609,2.188721296251203
2022-07,West,Electronics,19930,994549.251,0.40230344471557666,0.006578947368421052,2.107550430960629
2022-07,West,Furniture,15930,856196.4295,0.24858276088614287,0.0,2.0106206043164536
2022-07,West,Groceries,20413,1034308.756,0.1669447149996444,0.0,2.1957428235153835
2022-07,West,Toys,21490,1199770.5675,0.2552849765252073,0.012578616352201259,2.1701394593589147
2022-08,East,Clothing,21182,1020738.124,0.1932670858584366,0.006172839506172839,2.1181865876325103
2022-08,East,Electronics,20469,961209.8295,0.11644450944202224,0.0,2.1603234071493764
2022-08,East,Furniture,20867,1131749.94,0.2980041079241536,0.0,2.1581864964039723
2022-08,East,Groceries,17858,920605.849,0.30332617543016993,0.0,2.0646013874502316
2022-08,East,Toys,22679,1149418.5405,0.27588779060942026,0.005681818181818182,2.181877561583522
2022-08,North,Clothing,20938,1075466.4945,0.25426542977346794,0.018867924528301886,2.1818322638071845
2022-08,North,Electronics,24487,1244681.8935,0.14932127915602708,0.005555555555555556,1.9649163518991957
2022-08,North,Furniture,19603,984276.1664999999,0.2794535111781579,0.007194244604316547,2.0169718618185026
2022-08,North,Groceries,20028,1054927.689,0.3468463934640854,0.006711409395973154,2.156404981622105
2022-08,North,Toys,25308,1142039.9535,0.18638990408654896,0.0,2.2164112782615395
2022-08,South,Clothing,17911,891837.1235,0.26693381466983046,0.0,2.255347286986921
2022-08,South,Electronics,20926,986885.88,0.19553891254714917,0.0136986301369863,2.1195545114684555
2022-08,South,Furniture,20646,982668.874,0.22851103000366288,0.006622516556291391,2.3549323317596698
2022-08,South,Groceries,21308,1101117.3905,0.22339287996154578,0.0,2.2322943593933524
2022-08,South,Toys,19606,971605.209,0.18515271018568985,0.028169014084507043,2.257884400258019
2022-08,West,Clothing,21390,1021591.347,0.28769024776799385,0.0,2.1307280624481972
2022-08,West,Electronics,20726,1012092.323,0.26927754944572674,0.0,2.3421136746445472
2022-08,West,Furniture,23799,1098824.061,0.24928724212574613,0.005649717514124294,2.091608375485763
2022-08,West,Groceries,22514,1219541.508,0.3946766290537959,0.0,2.047010295360048
2022-08,West,Toys,22671,1084002.9895,0.21079711406640714,0.006289308176100629,2.1011594735459993
2022-09,East,Clothing,20490,944158.7145,0.37334952240959696,0.006493506493506494,2.270738138394755
2022-09,East,Electronics,20646,1014375.77,0.21720772757782875,0.00625,2.151381794717964
2022-09,East,Furniture,20012,992675.3585,0.2220655560713458,0.006622516556291391,2.289282821093591
2022-09,East,Groceries,20169,999693.601,0.28556513251459653,0.0070921985815602835,2.1418540636354066
2022-09,East,Toys,22037,1202728.29,0.22320250711098646,0.006289308176100629,2.236787792137278
2022-09,North,Clothing,23076,1262257.334,0.18870702324280259,0.011976047904191617,2.0721197095046198
2022-09,North,Electronics,20855,1047153.0985,0.25516411801846417,0.0136986301369863,2.263227397576002
2022-09,North,Furniture,21355,1070958.9455,0.2948066841684435,0.0,2.1336555061219005
2022-09,North,Groceries,19972,945122.579,0.21550871966440013,0.0,2.0983924556439844
2022-09,North,Toys,16846,854697.9535,0.26225607776301707,0.007936507936507936,2.0238349684020918
2022-09,South,Clothing,18691,904770.4535000001,0.20898423326825172,0.0,2.303146439756788
2022-09,South,Electronics,21958,1201183.33,0.2388520650137667,0.006172839506172839,2.1167306455746915
2022-09,South,Furniture,20120,968709.958,0.3012150969880852,0.007246376811594203,2.2238834059026713
2022-09,South,Groceries,22020,1144246.0320000001,0.2716856030120315,0.00641025641025641,2.1959496796971107
2022-09,South,Toys,18783,877327.643,0.26631103778308485,0.0,2.2087416418527095
2022-09,West,Clothing,21371,1011755.815,0.1747311498195216,0.0,2.343859747455751
2022-09,West,Electronics,17968,915691.274,0.22184212529834424,0.007142857142857143,2.2727988336899347
2022-09,West,Furniture,19145,986188.76,0.27645103040775776,0.0,2.13253183426773
2022-09,West,Groceries,25558,1271973.122,0.24524806908462962,0.0,2.1538103228988255
2022-09,West,Toys,20538,1013242.949,0.3241051186481974,0.007462686567164179,2.268470610535026
2022-10,East,Clothing,18113,840942.2655,0.1541216909094942,0.0,2.2163418335343796
2022-10,East,Electronics,22315,1190061.9065,0.14692134888237107,0.006756756756756757,2.1835088514322707
2022-10,East,Furniture,21590,994506.1585,0.20880710033947675,0.0,2.2321439115496995
2022-10,East,Groceries,28136,1377380.57,0.23376237104100728,0.010810810810810811,2.0809124094009532
2022-10,East,Toys,20655,1013664.618,0.32895321137559924,0.005988023952095809,2.129159206503809
2022-10,North,Clothing,20057,945160.3635,0.24186575112628353,0.01282051282051282,2.1226056822477863
2022-10,North,Electronics,23279,1098613.7825,0.12979716241536388,0.02158273381294964,2.107858283938755
2022-10,North,Furniture,22583,1122620.4785,0.2152028223826926,0.012422360248447204,2.119112554606589
2022-10,North,Groceries,16832,871915.5425,0.28380446503169016,0.0,1.8437602519619654
2022-10,North,Toys,20056,972436.4249999999,0.3344948005688736,0.0070921985815602835,2.16792862312225
2022-10,South,Clothing,23209,1141849.807,0.2502151108962062,0.0,2.3123930967848807
2022-10,South,Electronics,20195,1092850.676,0.44571357967609354,0.0,2.2340021260056147
2022-10,South,Furniture,22031,1089876.077,0.2043942857159489,0.005747126436781609,2.1047234662571856
2022-10,South,Groceries,19931,1020023.804,0.19463799790884354,0.0,2.099730889360952
2022-10,South,Toys,22079,1109264.5925,0.2550013979434715,0.011764705882352941,2.151397468223095
2022-10,West,Clothing,18360,913058.444,0.19310406224581253,0.0,2.0165102692492516
2022-10,West,Electronics,22517,1100488.922,0.16405623016058068,0.012195121951219513,2.1128803496360797
2022-10,West,Furniture,24044,1187763.1555,0.19215846998105607,0.0,2.0755730287563803
2022-10,West,Groceries,21376,1090162.141,0.32421566958425396,0.00641025641025641,2.169154377272188
2022-10,West,Toys,19505,974856.43,0.1630657626727435,0.0072992700729927005,2.1404420465585474
2022-11,East,Clothing,20453,988451.544,0.20195883103038872,0.006535947712418301,2.1001441721311442
2022-11,East,Electronics,23149,1099487.122,0.15851672536275552,0.0,2.2319979234550638
2022-11,East,Furniture,19953,1046647.3335000001,0.3448488987117838,0.0,2.1699841712854653
2022-11,East,Groceries,19969,1032245.306,0.20372092251011026,0.0,2.164307187637925
2022-11,East,Toys,19184,887209.3435,0.1679129662052532,0.006802721088435374,2.1986143946458454
2022-11,North,Clothing,19478,987385.3925,0.18889464186865387,0.0064516129032258064,1.9648869918096419
2022-11,North,Electronics,18397,890439.4029999999,0.16772489802253632,0.014925373134328358,2.1380835758970367
2022-11,North,Furniture,19814,935609.076,0.2216851893084269,0.0,2.248715646360632
2022-11,North,Groceries,19343,981745.659,0.2137019113718388,0.0,2.2579267589569763
2022-11,North,Toys,22312,1216085.0105,0.1942251853797575,0.0,2.1942056998136357
2022-11,South,Clothing,22279,1110538.932,0.18015798051995568,0.006172839506172839,2.3024843896077765
2022-11,South,Electronics,18417,908706.076,0.25564046317859784,0.0,2.1340501466353605
2022-11,South,Furniture,20601,1040411.645,0.3596762891659999,0.0136986301369863,2.2130328397597094
2022-11,South,Groceries,21459,1103234.5385,0.21354081046853907,0.0,2.171150119888919
2022-11,South,Toys,22406,1192168.6585,0.2003314638212966,0.0,2.1011520547793223
2022-11,West,Clothing,25017,1246401.592,0.2797241282134099,0.006493506493506494,2.258271047198679
2022-11,West,Electronics,19109,945526.0395,0.1702212918604457,0.006622516556291391,1.9252242949288703
2022-11,West,Furniture,20901,997267.9595,0.10968309336282228,0.014285714285714285,2.1836312672648726
2022-11,West,Groceries,21517,1072142.39,0.21840810889112855,0.012903225806451613,2.165513028909162
2022-11,West,Toys,20777,1037434.3315,0.2636115618965786,0.02040816326530612,2.0919190466225133
2022-12,East,Clothing,25378,1192264.783,0.1666431853816833,0.0,2.17283386009489
2022-12,East,Electronics,20697,986505.864,0.35370147996774437,0.0,2.2264542239515146
2022-12,East,Furniture,21861,1023677.948,0.27585729846905493,0.012422360248447204,2.307767119658295
2022-12,East,Groceries,17930,864821.605,0.2315793595380587,0.0,2.2602911639684096
2022-12,East,Toys,19810,880232.6714999999,0.23266059507789838,0.0,2.372118057149921
2022-12,North,Clothing,18156,926125.749,0.22911629845292586,0.0,2.2386112691262183
2022-12,North,Electronics,17558,900883.0059999999,0.18518806815418748,0.007352941176470588,2.054234052931507
2022-12,North,Furniture,27691,1390332.8185,0.19003963261050688,0.010582010582010581,2.325174183783931
2022-12,North,Groceries,20099,1026410.0185,0.32567327464046814,0.012422360248447204,2.1699695364979483
2022-12,North,Toys,21719,1100502.004,0.24025286254981193,0.0,2.426081070869671
2022-12,South,Clothing,21050,1042179.748,0.20967383770168008,0.0,2.1992868191795973
2022-12,South,Electronics,19869,934804.7365,0.16204543568073906,0.0064516129032258064,2.334765062752746
2022-12,South,Furniture,17665,844725.9685,0.3056102377796519,0.0,2.2737405496110275
2022-12,South,Groceries,16584,849418.5965,0.3627666820740808,0.00684931506849315,2.1009830939618452
2022-12,South,Toys,22208,1045214.317,0.18729870691374417,0.005988023952095809,2.053833762304994
2022-12,West,Clothing,21169,1046282.2339999999,0.29238511834644715,0.0,2.190116253498423
2022-12,West,Electronics,23449,1156144.3655,0.20633897837198872,0.010638297872340425,2.1286525394369438
2022-12,West,Furniture,21523,1117861.9385,0.24989346452827405,0.006289308176100629,2.142243921827917
2022-12,West,Groceries,18701,977078.2055,0.1893405238953749,0.0,2.1723913898318594
2022-12,West,Toys,19204,962670.792,0.17209359287325265,0.0,2.0824957063271934
2023-01,East,Clothing,17753,905488.371,0.3576753474634931,0.007042253521126761,2.209574535458673
2023-01,East,Electronics,18431,939790.66,0.2482663153028259,0.0,2.2488790461294315
2023-01,East,Furniture,21132,1060464.687,0.24510534198323677,0.00684931506849315,2.072530269425163
2023-01,East,Groceries,28347,1485894.261,0.13635476902264124,0.00558659217877095,2.2207026690668568
2023-01,East,Toys,21464,1064157.1035,0.24253196338796523,0.0,2.16145415781798
2023-01,North,Clothing,18825,843340.3735,0.2666161745703071,0.007462686567164179,2.0919889799116698
2023-01,North,Electronics,20431,955885.233,0.3503442056888668,0.0,1.9654735257653142
2023-01,North,Furniture,19634,947082.706,0.26826684210858875,0.0,2.1682644591756572
2023-01,North,Groceries,24754,1251924.972,0.16063537835740957,0.0,2.250020558432096
2023-01,North,Toys,23488,1182722.713,0.36349724109007514,0.0,2.0337562438365944
2023-01,South,Clothing,21566,1060781.4495,0.259025102842756,0.005988023952095809,2.2461050239985685
2023-01,South,Electronics,17622,828306.382,0.23980516181791295,0.0,2.051664561297235
2023-01,South,Furniture,21223,985213.3655000001,0.18365109966901008,0.0,2.2624074710894995
2023-01,South,Groceries,21002,1038390.3115,0.22694358007109708,0.0,2.206091791600704
2023-01,South,Toys,20106,1023991.2775,0.330443105591519,0.006578947368421052,1.9984736392809315
2023-01,West,Clothing,21549,1057181.725,0.16890792255808915,0.02,2.229805867719925
2023-01,West,Electronics,24686,1196268.655,0.212383936254839,0.019230769230769232,2.1229479931641833
2023-01,West,Furniture,19833,919623.216,0.16491727274893125,0.013422818791946308,2.033402690751459
2023-01,West,Groceries,19195,906112.6925,0.1759889085310171,0.006711409395973154,2.0480891604014166
2023-01,West,Toys,22367,1071142.976,0.36546606641368806,0.012903225806451613,2.1185097628397243
2023-02,East,Clothing,19147,934739.474,0.3429464540610158,0.006622516556291391,2.054820824230459
2023-02,East,Electronics,20157,1034392.862,0.23269295775039975,0.0,2.121077713868512
2023-02,East,Furniture,18155,907296.7019999999,0.3123975025836746,0.0,2.280865501158439
2023-02,East,Groceries,19846,929173.6410000001,0.3085570892049895,0.0,2.1255797397028378
2023-02,East,Toys,19445,1002585.2825,0.2927825141197285,0.007462686567164179,2.1811494579431234
2023-02,North,Clothing,19137,1017259.8505,0.19387258142668234,0.007407407407407408,2.1372398193583004
2023-02,North,Electronics,16350,842640.4855,0.24263359568279624,0.0,2.3664826282181153
2023-02,North,Furniture,21351,1021407.574,0.21469317005079225,0.006369426751592357,2.1021590585325693
2023-02,North,Groceries,17491,899905.18,0.3054893820148071,0.0,2.1627768327246666
2023-02,North,Toys,20021,1051172.069,0.1177969529276077,0.0,2.234412213802499
2023-02,South,Clothing,19018,916979.617,0.293426851689174,0.0,2.0667594079567198
2023-02,South,Electronics,14946,806869.0975,0.1989295042469299,0.017391304347826087,2.1313499596788787
2023-02,South,Furniture,24066,1196311.8625,0.2180840087120284,0.0,2.2681560348919105
2023-02,South,Groceries,19147,930594.9155,0.15732339848739618,0.0,2.2795668192049203
2023-02,South,Toys,19959,972691.056,0.205409234031394,0.007142857142857143,2.1199181585794125
2023-02,West,Clothing,19019,923084.3685,0.276578341005028,0.014184397163120567,2.0561729132702244
2023-02,West,Electronics,15036,725929.226,0.24170641676116753,0.0,2.04997458767166
2023-02,West,Furniture,19742,1012957.0915,0.36559589286223315,0.0,2.179556492600871
2023-02,West,Groceries,24025,1123697.1155,0.17818844681924298,0.0,2.18691001054458
2023-02,West,Toys,19110,979258.9405,0.22734422229035428,0.006622516556291391,2.0722194397218807
2023-03,East,Clothing,18191,878976.2325,0.35092517727257233,0.0,2.248961580787986
2023-03,East,Electronics,19100,1046549.38,0.2536998744473639,0.0,2.0378735748658943
2023-03,East,Furniture,21782,1130879.9215,0.20929103176639857,0.006369426751592357,2.1089299068043283
2023-03,East,Groceries,23731,1189019.688,0.23440300026343247,0.0,2.474403254901977
2023-03,East,Toys,18270,923221.2465,0.2616800634675333,0.014388489208633094,2.0276136655725203
2023-03,North,Clothing,22051,1069899.493,0.2217323331703389,0.006172839506172839,2.1699468027566753
2023-03,North,Electronics,19629,973093.6525,0.21256953512727603,0.0,2.1125401459599313
2023-03,North,Furniture,21593,971747.367,0.22164877042264422,0.0,2.1384387076377656
2023-03,North,Groceries,22624,1088756.287,0.3906758131109587,0.011627906976744186,2.2525835513024735
2023-03,North,Toys,19559,991512.934,0.25281173858865763,0.0,2.15850075320442
2023-03,South,Clothing,23021,1200154.7905,0.3025771836504935,0.0064516129032258064,2.1622497525238282
2023-03,South,Electronics,18891,1020157.9535,0.20884872741701427,0.0,2.2005442574814595
2023-03,South,Furniture,23153,1172221.7325,0.24459201911136388,0.0,2.078293929574833
2023-03,South,Groceries,22930,1147086.6305,0.3459581811116533,0.0,2.182442186739082
2023-03,South,Toys,21656,1059467.1625,0.25497878530301715,0.0,2.2366733007870456
2023-03,West,Clothing,21306,1039439.9065,0.23919975008953448,0.006060606060606061,2.174438319223373
2023-03,West,Electronics,19817,1040715.209,0.4108665031001728,0.0,2.1619822346251323
2023-03,West,Furniture,22657,1165130.7445,0.22881248865105228,0.0058823529411764705,2.290978268234482
2023-03,West,Groceries,17632,872560.75,0.3528318354214365,0.013793103448275862,2.1040942062895125
2023-03,West,Toys,18929,964097.6445,0.2770199989367567,0.006535947712418301,2.295874079830669
2023-04,East,Clothing,27360,1337373.0115,0.17126312581151518,0.0,2.2603591592353305
2023-04,East,Electronics,17415,837791.379,0.3786239404002104,0.007142857142857143,2.1695763285017162
2023-04,East,Furniture,19435,1053824.857,0.1980210868560561,0.0,2.3627066547032207
2023-04,East,Groceries,22510,1134786.3815000001,0.2818335764817196,0.0,2.238565443845263
2023-04,East,Toys,16879,882464.606,0.14802368760861348,0.007936507936507936,2.1780097505333282
2023-04,North,Clothing,19129,970678.6105000001,0.2723215868273442,0.014084507042253521,2.020803301888118
2023-04,North,Electronics,19143,923350.329,0.2654694516999112,0.0,2.1019044232942257
2023-04,North,Furniture,22054,1137208.7335,0.1257085441242981,0.02054794520547945,2.284233631861002
2023-04,North,Groceries,17056,880340.8595,0.2207991258453885,0.007407407407407408,2.130295863979936
2023-04,North,Toys,25016,1326334.401,0.3176145600088428,0.00546448087431694,2.292604319533978
2023-04,South,Clothing,19619,956159.78,0.25248195402743684,0.0,2.354970149319197
2023-04,South,Electronics,16988,862127.211,0.2732702079278859,0.0,2.1631876692648926
2023-04,South,Furniture,16043,835832.5075,0.11936106775309317,0.0,2.1066510665381153
2023-04,South,Groceries,19201,912777.9885,0.17446022256845609,0.0,2.235265538720429
2023-04,South,Toys,21282,1077657.2325,0.3623224736698494,0.01935483870967742,2.239299371361192
2023-04,West,Clothing,22975,1112468.0065000001,0.3815247230205838,0.0,2.2466092550005086
2023-04,West,Electronics,18604,907228.7205,0.30054111691334073,0.0,2.207153450365776
2023-04,West,Furniture,21058,1030536.1205,0.5032222296213229,0.01935483870967742,2.2492455173414863
2023-04,West,Groceries,18953,980047.9695,0.23271535846001343,0.02,2.0975036305960515
2023-04,West,Toys,20357,1038989.557,0.18497553369492484,0.0,2.2330330011188253
2023-05,East,Clothing,21479,1115559.9385,0.2312329652171153,0.006493506493506494,1.9548827197164031
2023-05,East,Electronics,19060,937043.5375,0.22898092830197955,0.0,2.23662238782249
2023-05,East,Furniture,17188,838827.969,0.34448896324060146,0.027972027972027972,1.987030631991905
2023-05,East,Groceries,21797,1108485.96,0.18355474967871915,0.005952380952380952,2.063873604016651
2023-05,East,Toys,25496,1340849.418,0.27370414713201535,0.006211180124223602,2.1144054354922117
2023-05,North,Clothing,18832,911123.6505,0.21871835820292465,0.0,2.167992732436345
2023-05,North,Electronics,20951,1078621.6335,0.19699985310604526,0.008,2.055501511616257
2023-05,North,Furniture,18397,964890.6615,0.15184797592265897,0.013157894736842105,2.2874435309301466
2023-05,North,Groceries,24141,1061954.16,0.213544515300728,0.0,2.2339024108666017
2023-05,North,Toys,16885,881674.7315,0.2238506234330428,0.007633587786259542,2.138235177269491
2023-05,South,Clothing,20938,1120255.19,0.26738440531125723,0.012738853503184714,2.1338532255414804
2023-05,South,Electronics,20990,1096564.0505,0.21959151925071238,0.00625,2.196530275850329
2023-05,South,Furniture,22936,1102789.445,0.2345393930463866,0.012987012987012988,2.1942643457255095
2023-05,South,Groceries,22593,1079473.7255,0.19470772324313934,0.017543859649122806,2.099465324913582
2023-05,South,Toys,22915,1000216.3885,0.23254982617129813,0.0,2.278657136410783
2023-05,West,Clothing,21635,1048575.5605,0.3444646062584019,0.0,2.123101208821927
2023-05,West,Electronics,23614,1163184.319,0.3965809624441127,0.005714285714285714,2.2040469547697352
2023-05,West,Furniture,19280,966062.1529999999,0.2800763766758202,0.0,2.153342959444096
2023-05,West,Groceries,21708,1101811.9165,0.23763748259568904,0.006289308176100629,1.9831203863449236
2023-05,West,Toys,17838,808760.4645,0.31258198078884,0.0,1.9959218510423802
2023-06,East,Clothing,23678,1201139.192,0.2360967334518734,0.013422818791946308,2.264160526729122
2023-06,East,Electronics,21124,1072615.672,0.1885986634463928,0.006097560975609756,2.164097649301575
2023-06,East,Furniture,20248,985234.9985,0.1333263193550532,0.0136986301369863,2.186353454278151
2023-06,East,Groceries,22431,1083179.8530000001,0.20660425530432647,0.0,2.120734707443198
2023-06,East,Toys,19432,937478.761,0.40536282099590404,0.0,2.256134614895503
2023-06,North,Clothing,19111,928817.78,0.1781741215995238,0.0,2.1829905179929585
2023-06,North,Electronics,22974,1154660.5965,0.4021975321089943,0.006493506493506494,2.2650285581598912
2023-06,North,Furniture,20266,964280.0195,0.1975036151852506,0.0,2.2239504789841456
2023-06,North,Groceries,18454,856324.115,0.1875446420728467,0.014084507042253521,2.2244760536436083
2023-06,North,Toys,21739,1057199.5155,0.2407343055520031,0.0,2.097721801682272
2023-06,South,Clothing,22285,1138354.4975,0.24590541308174352,0.00641025641025641,2.2377486003759226
2023-06,South,Electronics,24348,1201563.527,0.21864910365467513,0.0,2.1760180546712444
2023-06,South,Furniture,21082,1110227.719,0.19412070141634577,0.006097560975609756,2.1117741287957106
2023-06,South,Groceries,20892,1032777.795,0.30163858889958345,0.013422818791946308,2.181865090720746
2023-06,South,Toys,15500,767016.019,0.4919651824627628,0.0,2.022073117402168
2023-06,West,Clothing,22837,1083476.727,0.2371343646411536,0.005847953216374269,2.075644236460915
2023-06,West,Electronics,16542,870624.168,0.27605318208645,0.036231884057971016,2.2551565715268254
2023-06,West,Furniture,19430,970121.8790000001,0.2909691994600532,0.014285714285714285,2.0495181024062123
2023-06,West,Groceries,17382,852015.9425,0.1703012933527118,0.00819672131147541,2.4152559235288686
2023-06,West,Toys,15886,779180.033,0.2385826881857199,0.013888888888888888,2.2445944146597645
2023-07,East,Clothing,26815,1281264.8895,0.2578894954787697,0.005681818181818182,2.0837117360169453
2023-07,East,Electronics,22380,1063942.3625,0.21397925054284136,0.00641025641025641,2.0055521994868353
2023-07,East,Furniture,21136,939047.564,0.31942675682427446,0.013422818791946308,2.0839851814972152
2023-07,East,Groceries,24441,1171739.601,0.1413640679883109,0.01282051282051282,2.2523476515844605
2023-07,East,Toys,18498,897764.3055,0.18161625133996198,0.02097902097902098,2.0912869555213445
2023-07,North,Clothing,18255,828209.2805,0.17270657560176372,0.0234375,2.107512407668103
2023-07,North,Electronics,21343,1055885.019,0.28259933573135526,0.0,2.1156650832716384
2023-07,North,Furniture,23354,1175843.9605,0.28129200421839357,0.006024096385542169,2.202322760595806
2023-07,North,Groceries,16772,752417.2865,0.48197523532444686,0.0,2.225968865627008
2023-07,North,Toys,22707,1107979.75,0.2802336422898756,0.0,2.1542699105661915
2023-07,South,Clothing,20483,963749.949,0.31137470844232273,0.0,2.2480365505580573
2023-07,South,Electronics,22393,1097394.006,0.20568977385725362,0.006097560975609756,1.9917645228079304
2023-07,South,Furniture,28124,1356052.2085,0.31465564138619384,0.0,2.1259786114023838
2023-07,South,Groceries,20577,1061563.4235,0.17157529189822843,0.0,2.251203426541029
2023-07,South,Toys,25428,1145982.075,0.1656256469393146,0.0,2.0449853534776046
2023-07,West,Clothing,21888,1072052.875,0.29660798297877083,0.00641025641025641,1.9494013406910664
2023-07,West,Electronics,19058,952820.774,0.25481853694744605,0.0,2.1302660137980616
2023-07,West,Furniture,22039,1086764.868,0.3099609320829,0.0,2.1568983219923945
2023-07,West,Groceries,18581,929175.38,0.28073312182315086,0.0,2.039458242228214
2023-07,West,Toys,23647,1367304.8225,0.17153260854701335,0.0,2.100858860085465
2023-08,East,Clothing,20752,1073926.2615,0.24251282834151966,0.0,2.0775667739800716
2023-08,East,Electronics,24199,1257948.9225,0.2512966344008035,0.00558659217877095,2.033672496378847
2023-08,East,Furniture,23888,1149759.658,0.25671373579751183,0.011976047904191617,2.0990445022967834
2023-08,East,Groceries,19181,981368.393,0.22983939825368638,0.0,2.2506790278993174
2023-08,East,Toys,19739,1007990.39,0.27960059386337927,0.006756756756756757,1.9799625579141038
2023-08,North,Clothing,19713,1063594.0119999999,0.18474292066110914,0.0,2.1259242687322444
2023-08,North,Electronics,24185,1281430.9835,0.2754316575622692,0.006024096385542169,2.118701570025662
2023-08,North,Furniture,21943,1037868.7695,0.31300428892226106,0.006289308176100629,2.054994740003836
2023-08,North,Groceries,20818,968895.235,0.2581496485570065,0.006578947368421052,2.1682467988119223
2023-08,North,Toys,20998,983798.9,0.26859861954988756,0.00641025641025641,2.1678808679740214
2023-08,South,Clothing,23746,1193050.4485,0.26317092864712055,0.006172839506172839,2.2293557247368745
2023-08,South,Electronics,20274,924668.481,0.18808913619501838,0.0196078431372549,2.1977326059973676
2023-08,South,Furniture,18581,966130.6685,0.20455784109646954,0.006666666666666667,2.1025376934306554
2023-08,South,Groceries,16074,850956.8354999999,0.25673548852036987,0.0078125,2.002056390575455
2023-08,South,Toys,22592,1063681.7364999999,0.19316762924021283,0.0058823529411764705,2.1336870164904265
2023-08,West,Clothing,24295,1101075.184,0.2015040726484073,0.005988023952095809,2.172240794093101
2023-08,West,Electronics,17129,827825.469,0.19414808254577567,0.006944444444444444,1.9235968511179355
2023-08,West,Furniture,20411,987957.4145,0.24305698734236406,0.0196078431372549,2.1073624109601394
2023-08,West,Groceries,19302,936929.346,0.21742021475689507,0.0,2.179550085624193
2023-08,West,Toys,18681,907713.643,0.19667776606402784,0.0,2.232873097527347
2023-09,East,Clothing,17413,895904.8445,0.2710907345673409,0.006993006993006993,2.2072652751033632
2023-09,East,Electronics,20905,1003067.457,0.16775976062948308,0.013071895424836602,2.095643145920834
2023-09,East,Furniture,21431,1056657.357,0.3606218027314777,0.0,2.291130047233647
2023-09,East,Groceries,23884,1208189.465,0.1981191665835422,0.0,2.2214189543725387
2023-09,East,Toys,18763,898879.8755,0.4428728765730339,0.0,2.1809890770813656
2023-09,North,Clothing,19960,977430.077,0.29549504202075016,0.0,2.1225591325772037
2023-09,North,Electronics,18324,925877.386,0.176633874189336,0.0,2.1960877066224964
2023-09,North,Furniture,16195,753209.783,0.27300687057265133,0.0,2.1136628956862826
2023-09,North,Groceries,20781,1143377.532,0.38241582816129716,0.006802721088435374,2.192965966604258
2023-09,North,Toys,19869,947884.6565,0.20390056482688612,0.0,2.1940452769124814
2023-09,South,Clothing,21970,990074.632,0.19752852083936934,0.0,2.1671478442798504
2023-09,South,Electronics,22427,1145541.8345,0.14842659535954528,0.0,2.296980335640125
2023-09,South,Furniture,21931,1100349.692,0.17685819200724562,0.006172839506172839,2.0605432339800975
2023-09,South,Groceries,20304,1045934.557,0.37151547202680846,0.0,2.0822227639749387
2023-09,South,Toys,21521,1028681.29,0.25996446200734785,0.01282051282051282,2.300071209413238
2023-09,West,Clothing,23895,1248087.14,0.2682341023176231,0.0,2.24665497890097
2023-09,West,Electronics,16934,805295.582,0.24898361442605027,0.008130081300813009,2.156610159914939
2023-09,West,Furniture,19833,871745.628,0.18095100875776135,0.006666666666666667,2.142279351551432
2023-09,West,Groceries,15285,741050.2545,0.3518731315598559,0.0,2.193940610315305
2023-09,West,Toys,23736,1089100.818,0.2506391063351491,0.005714285714285714,2.138601030619099
2023-10,East,Clothing,19888,1015390.2705,0.3736187001072287,0.013605442176870748,2.2384093535845055
2023-10,East,Electronics,22135,1083204.6095,0.1454357255185105,0.006535947712418301,2.263360864234021
2023-10,East,Furniture,25723,1240029.815,0.14420406746333092,0.006024096385542169,2.2362218227257094
2023-10,East,Groceries,20955,1051294.6795,0.3856523400971774,0.017857142857142856,2.002824858170563
2023-10,East,Toys,19417,955119.0215,0.23793428764143373,0.0,2.1842689274124396
2023-10,North,Clothing,17118,878512.3965,0.15870367894346232,0.007692307692307693,2.255780640672208
2023-10,North,Electronics,25800,1304189.5125,0.3013856510251793,0.0,2.1245407188249295
2023-10,North,Furniture,22742,1098527.69,0.2719333342128909,0.0,2.2082372244360315
2023-10,North,Groceries,18851,830368.596,0.2275403829162472,0.0,2.2707692920976723
2023-10,North,Toys,21916,1102780.649,0.4326006026973276,0.0,2.06060078269656
2023-10,South,Clothing,20949,1036963.8184999999,0.2760482344012293,0.0,2.342761085765896
2023-10,South,Electronics,17923,835864.63,0.2894980896637101,0.0,2.031647226107731
2023-10,South,Furniture,20911,1073799.311,0.17661951339760387,0.006578947368421052,2.1372555261182757
2023-10,South,Groceries,25580,1290581.6505,0.21174738111871522,0.016853932584269662,2.2707785662361997
2023-10,South,Toys,20720,1039600.336,0.2672652326423764,0.0064516129032258064,2.0914575500649937
2023-10,West,Clothing,18910,972357.9095000001,0.31939778425847215,0.0070921985815602835,2.1612677164635845
2023-10,West,Electronics,22834,1091907.8725,0.2704010912011401,0.0058823529411764705,2.173709893890338
2023-10,West,Furniture,20755,1034939.7345,0.30122184129973995,0.013333333333333334,2.0784662926625987
2023-10,West,Groceries,22964,1080583.169,0.10855347682341002,0.006493506493506494,2.0707369100043787
2023-10,West,Toys,19555,896900.7055,0.2414868009603214,0.0,2.1534567754196434
2023-11,East,Clothing,22831,1115350.634,0.1647228193418777,0.006060606060606061,2.1465148192073253
2023-11,East,Electronics,20063,1049565.6895,0.2055448299348755,0.0,2.1529174591305615
2023-11,East,Furniture,21629,1062230.639,0.22785143185250908,0.0,2.062281652508988
2023-11,East,Groceries,19089,957340.1635,0.38038668088179506,0.007518796992481203,2.1631519378283937
2023-11,East,Toys,20834,1020404.961,0.23307642972813875,0.01282051282051282,2.074410620730549
2023-11,North,Clothing,18774,874361.7355,0.42716201260182257,0.0,2.0733072057362096
2023-11,North,Electronics,19730,1027217.1615,0.2672097504912821,0.0,2.0383731517439005
2023-11,North,Furniture,22696,1089787.4075,0.3825451915290564,0.00625,2.339647790470891
2023-11,North,Groceries,19262,1035891.7055,0.352566582708843,0.0136986301369863,2.1613833688444553
2023-11,North,Toys,19820,926609.4005,0.17265986983383755,0.0,2.271194680540575
2023-11,South,Clothing,23480,1170561.3599999999,0.2594583836176739,0.006289308176100629,2.0608210799267472
2023-11,South,Electronics,18627,893500.239,0.3204703226589315,0.006535947712418301,2.166745597842265
2023-11,South,Furniture,24420,1168158.742,0.1649529856346521,0.01282051282051282,2.12856081198412
2023-11,South,Groceries,19368,1000940.0495,0.2704006378251997,0.0,2.1188587736449183
2023-11,South,Toys,17481,894298.821,0.23935001873900444,0.0,2.09813197499176
2023-11,West,Clothing,21581,1046156.952,0.19796485816938308,0.0,2.2185571112393823
2023-11,West,Electronics,21994,1112122.0255,0.268935662470888,0.006622516556291391,2.0196223998533354
2023-11,West,Furniture,22459,1157041.9715,0.12617095329303915,0.0,2.199751861181004
2023-11,West,Groceries,17613,841291.755,0.3406987299201459,0.0,2.1422246881376963
2023-11,West,Toys,24375,1268844.073,0.17842538454474915,0.0,2.2200747605808315
2023-12,East,Clothing,17281,823885.879,0.334638996688441,0.007194244604316547,1.9783061364163768
2023-12,East,Electronics,25024,1245975.0185,0.19931894386747073,0.005555555555555556,2.0282179478151394
2023-12,East,Furniture,22091,1104441.5635,0.24905057998300334,0.012987012987012988,2.142143601517267
2023-12,East,Groceries,17507,909304.772,0.3375092260466159,0.0,2.3191514648806217
2023-12,East,Toys,19181,902819.3285000001,0.2215910277277146,0.0,2.149402560408052
2023-12,North,Clothing,20794,972439.8295,0.19627530322715814,0.014492753623188406,2.2779495881321385
2023-12,North,Electronics,22959,1069043.696,0.16013127585563655,0.006097560975609756,2.0681069812037514
2023-12,North,Furniture,22318,1121867.033,0.15464781146167744,0.0,2.1143082902204617
2023-12,North,Groceries,19469,996157.8055,0.20396226867450457,0.006097560975609756,1.8467828388735974
2023-12,North,Toys,24426,1279745.191,0.4005923776715025,0.011494252873563218,2.139445774153532
2023-12,South,Clothing,22050,1026004.862,0.261077006273003,0.0,2.1791625703835837
2023-12,South,Electronics,20616,1101799.4505,0.15994788429455511,0.0,2.0201441001881455
2023-12,South,Furniture,24695,1141451.403,0.23920086261919246,0.0,2.2069372744363434
2023-12,South,Groceries,21354,1115560.9775,0.1797457219376558,0.0,2.1283452225922885
2023-12,South,Toys,18753,864692.99,0.30471981366340783,0.006802721088435374,2.2797683003665536
2023-12,West,Clothing,18794,972050.9385,0.3011759082589384,0.006329113924050633,2.0852306553658333
2023-12,West,Electronics,21155,1011419.8355,0.12843929551766115,0.0125,2.207789277274176
2023-12,West,Furniture,18803,981162.597,0.3415737330625316,0.013513513513513514,2.197502884849787
2023-12,West,Groceries,21239,949468.996,0.3588234775520062,0.005847953216374269,1.924418610260574
2023-12,West,Toys,20163,1056218.5735,0.32425553950631136,0.013513513513513514,2.0170044678387433
2024-01,East,Clothing,355,16132.427499999998,0.4635445725641984,0.0,1.325374253772413
2024-01,East,Electronics,1079,33406.815,0.2509334181774332,0.0,2.1437923934923178
2024-01,East,Furniture,556,40106.082,0.458655108877722,0.0,1.7877659025064732
2024-01,East,Groceries,368,22479.504,0.22207964693665627,0.0,1.0581760863379648
2024-01,East,Toys,1032,36982.8265,0.18575777376233146,0.0,1.7834820467354964
2024-01,North,Clothing,138,9275.608,0.177502417794971,0.0,1.5295675407085196
2024-01,North,Electronics,907,34034.6815,0.08745216463137752,0.0,2.2920369618849556
2024-01,North,Furniture,1190,71040.174,0.06664393203400473,0.0,2.1490808114889957
2024-01,North,Groceries,781,33545.318,0.34132742014189443,0.0,2.037732488084718
2024-01,North,Toys,751,37141.630999999994,0.8991486870410628,0.0,1.9882620669225315
2024-01,South,Clothing,93,7589.73,0.1998924731182796,0.0,6.0558139534883715
2024-01,South,Electronics,210,6198.3115,0.18759191101296363,0.0,1.9802601723205988
2024-01,South,Furniture,281,11112.233000000002,0.13955625130165264,0.0,1.9835884258089724
2024-01,South,Groceries,465,16036.091999999999,0.014291334136425263,0.0,1.380094278055542
2024-01,South,Toys,321,25046.142,0.06854168286803015,0.0,3.0773346005273163
2024-01,West,Clothing,804,37721.340000000004,0.061885174253050845,0.0,2.023582368041874
2024-01,West,Electronics,1138,62629.659,0.32316810984022537,0.0,1.9770568281319398
2024-01,West,Furniture,1026,54635.513,0.08549191770938348,0.0,2.1066770561929573
2024-01,West,Groceries,613,35794.811499999996,0.14781152477773887,0.0,2.76918691786429
2024-01,West,Toys,1136,37233.876000000004,0.6165324396472363,0.0,1.7793334465029587
